	Tabela	Média	Desvio Padrão
0	Tabela	69318.80769230769	10712.801452539781
1	Tabela_TSS	99981.19230769231	3.2375204187060294
2	Tabela_Rarefada	49289.0	0.0
